TAUTH,IP,BT,NEL,PLTH,RGEO,KAREA,EPS,MEFF,TOK,SHOT,DATE,TIME,ind
-2.90973808038713,-0.2279048684159202,0.5411608235620636,2.165045678971984,1.534714366238164,0.4995624314872799,0.45615822242368254,-1.1869263672914978,0.6931471805599453,AUG,8153,19960515,3.885,1618
-2.7586069247193623,-0.22602269206505327,0.8385453832493022,2.091617117609969,1.4770487243883548,0.5007752879124892,0.45298462407614076,-1.1901296702337383,0.6931471805599453,AUG,8170,19960521,2.2,1621
-2.659117189993031,-0.22502031132706996,0.8381129508101309,1.8955187035189074,1.4562867329399256,0.5025918188388871,0.4643627493556498,-1.1981418840151428,0.6931471805599453,AUG,8170,19960521,3.2,1622
-2.514541454917691,-0.22464467744047695,1.0848513734180727,1.6362745663876601,1.2325602611778486,0.5031965966014995,0.47933495667461984,-1.212269927711704,0.6931471805599453,AUG,8494,19960718,3.3,1698
-2.4998172625237545,-0.22602269206505327,0.698632110790515,1.985542865235778,0.9932517730102833,0.494696241836107,0.45615822242368254,-1.1806692186480519,0.6931471805599453,AUG,10008,19980227,2.6,1739
-3.042195147964332,-0.2238938327049139,0.7040871205982796,1.9130917543955799,1.9315214116032136,0.49591501103023644,0.45679173527350503,-1.1850701703206443,0.6931471805599453,AUG,10009,19980227,2.45,1745
-3.1292636661785136,-0.22439433321586247,0.7040871205982796,2.0649622204150018,1.9198594718553705,0.494696241836107,0.4517123592734841,-1.1794785060644246,0.6931471805599453,AUG,10009,19980227,2.85,1746
-3.2121485041187743,-0.22502031132706996,0.7040871205982796,2.119623331312668,1.9139771019523042,0.49286529838899784,0.4478858239921165,-1.1728988398035598,0.6931471805599453,AUG,10009,19980227,3.15,1747
-3.303344981494651,-0.22577200266790187,0.7040871205982796,2.1185420553017504,1.922787731634459,0.49225423818055525,0.44468582126144574,-1.1689376927098356,0.6931471805599453,AUG,10009,19980227,3.3,1748
-3.363323729234074,-0.22664969064349752,0.7040871205982796,2.1815467646169897,1.9110228900548727,0.4891933236388768,0.4356709501652302,-1.1576478916084507,0.6931471805599453,AUG,10009,19980227,3.675,1749
-3.171515253508363,-0.22301855912605886,0.7050757514252192,2.047047473868832,1.9300710850255671,0.494696241836107,0.45234869400701483,-1.1800736851316915,0.6931471805599453,AUG,10010,19980227,2.45,1753
-3.2735960370684336,-0.22539608636750366,0.7050757514252192,2.12811265114349,1.900613874140137,0.49225423818055525,0.4472466421231194,-1.171301294361719,0.6931471805599453,AUG,10010,19980227,2.85,1754
-3.365058335046282,-0.22589733951083085,0.7050757514252192,2.1476841317760833,1.9050881545350582,0.49041881398832804,0.44018854416654996,-1.1631753049005393,0.6931471805599453,AUG,10010,19980227,3.15,1755
-3.4109447331170353,-0.22614806033450852,0.7050757514252192,2.1919886716520187,1.9021075263969203,0.4885800148186709,0.4337285733810237,-1.1548905414250568,0.6931471805599453,AUG,10010,19980227,3.45,1756
-3.5019020857837875,-0.22727708259581675,0.7050757514252192,2.3427668826268775,1.9242486522741338,0.48427628853245414,0.41673470036639515,-1.1364734827634453,0.6931471805599453,AUG,10010,19980227,3.85,1757
-2.9053432738263103,-0.0008003201707691552,0.9021918074946533,2.329227023940467,2.004179057179289,0.4971322966339881,0.46624658036802336,-1.1902794771939333,0.6931471805599453,AUG,10729,19980526,3.195,1826
-3.2513990165737607,0.18065349969325756,0.9030028375472197,2.644044871126298,2.6026896854443837,0.49774038421733524,0.4706284340145776,-1.195498177334964,0.6931471805599453,AUG,10769,19980528,3.2,1839
-3.38640729618952,0.17981842657583597,0.9034081060431414,2.63834278867739,2.5952547069568657,0.49652383905513103,0.4643627493556498,-1.1882719987013688,0.6931471805599453,AUG,10769,19980528,3.325,1840
-2.4867483446673715,-0.0016012813669738792,0.7188149273085231,2.492378664626701,1.6193882432872684,0.494696241836107,0.4350239103497087,-1.1318412322807674,0.6931471805599453,AUG,11799,19990319,4.5,1946
-2.593606066711341,-0.0020020026706730793,0.7188149273085231,2.506341930508065,1.6370530794670737,0.49408629976169266,0.43243155633797864,-1.1297195741210313,0.6931471805599453,AUG,11799,19990319,4.75,1947
-1.627092847672821,0.0009995003330834232,0.8206605008589049,1.241557564653207,1.3837912309017721,0.5019866750987863,0.4731237565819792,-1.2124834939938445,0.6931471805599453,AUG,11943,19990408,2.45,1974
-2.452245867548452,0.002995508979798371,1.1206998851321146,1.9497598722100606,1.5769147207285403,0.49591501103023644,0.4330802751411378,-1.1450453061734076,0.6931471805599453,AUG,12085,19990427,1.788,2031
-2.5533568114257297,-0.0009004052431641551,1.1206998851321146,2.1051092884284137,1.5810384379124023,0.498348102254878,0.4343764516025845,-1.147478397398049,0.6931471805599453,AUG,12085,19990427,2.1,2032
-2.9517153881372167,-0.5133287539841094,0.42787870294506447,1.9056832155463692,1.4770487243883548,0.4953058121079539,0.4369637751675354,-1.1358605425487285,0.6931471805599453,AUG,12181,19990506,2.73,2064
-3.0578204658674126,-0.5124936808666878,0.9384435365152884,1.6310036903486609,1.4973884086254774,0.494696241836107,0.42787870294506447,-1.135630550949118,0.6931471805599453,AUG,12202,19990511,2.725,2073
-2.981040724811001,-0.5118261240995743,0.9380522236556679,1.692491467569386,1.4883995840570443,0.48489224173948625,0.45615822242368254,-1.1574527886910433,0.6931471805599453,AUG,12202,19990511,4.05,2074
-3.2467610283577364,-0.5138301327862895,0.4252677354043441,1.9305064039035147,1.918392120161421,0.4971322966339881,0.4434029474485566,-1.1411084331874841,0.6931471805599453,AUG,12204,19990511,2.995,2077
-3.228421237711732,-0.5136629785861511,0.4265740713183996,1.906426544206181,1.9080599249242156,0.4971322966339881,0.44596705141749426,-1.1411084331874841,0.6931471805599453,AUG,12205,19990511,2.95,2078
-1.4943251053335957,0.002995508979798371,0.9376607576103475,1.6591800043289144,1.6253112615903906,0.4891933236388768,0.48489224173948625,-1.1574527886910433,0.6931471805599453,AUG,12251,19990520,3.875,2096
-1.526476391719753,0.001998002662673058,0.9396165571776518,1.612433421413899,1.5953389880545987,0.4885800148186709,0.48489224173948625,-1.154306599802624,0.6931471805599453,AUG,12253,19990520,4.05,2101
-1.695540611487512,0.0009995003330834232,0.93491619599732,1.628259666674688,1.7119945007591924,0.4885800148186709,0.48489224173948625,-1.1558645358528887,0.6931471805599453,AUG,12253,19990520,4.375,2102
-1.8213942743577458,0.001998002662673058,0.9368773654825434,1.716496984727508,1.8870696490323797,0.4879663296199081,0.4855078157817008,-1.154082171128823,0.6931471805599453,AUG,12256,19990520,3.925,2107
-3.720576540857191,-0.9185432669274489,0.9050275395954444,1.3532545070416904,1.33500106673234,0.48427628853245414,0.44018854416654996,-1.151560809566672,0.6931471805599453,AUG,12535,19990730,3.385,2127
-3.2670162001961356,-0.9142927292114821,0.9050275395954444,1.2360526977893476,1.2089603458369749,0.4989554511955033,0.5092243423990168,-1.2163953243244932,0.6931471805599453,AUG,12553,19990803,2.85,2137
-3.3082536360194172,-0.9162907318741551,0.9046229270064731,1.2427126326418665,1.2383742310432684,0.49774038421733524,0.5176026080450143,-1.2205223699069714,0.6931471805599453,AUG,12553,19990803,3.3,2138
-2.361380139504551,-0.0015011261262672026,0.9086617047096639,2.3617969526258915,1.6253112615903906,0.5025918188388871,0.45679173527350503,-1.147711030388251,0.6931471805599453,AUG,13171,20000128,3.3,2171
-2.32288984633441,-0.0003000450090021035,0.9086617047096639,2.3693087250369538,1.5748464676644813,0.5038010088290262,0.4574248470388755,-1.1472060974941574,0.6931471805599453,AUG,13171,20000128,3.625,2172
-2.576232776482023,-0.0010005003335835344,0.9074517832069507,2.4069451083182885,1.631199404215613,0.5019866750987863,0.4548899914356874,-1.146724716451044,0.6931471805599453,AUG,13173,20000128,3.7,2175
-2.8266648324384525,-0.22276862160913655,0.8870678731972518,1.7703655765403825,1.8066480817218056,0.4861230111256188,0.4246139269469252,-1.1289573778119748,0.6931471805599453,AUG,14870,20011206,3.5,2261
-2.711305493822883,-0.005113049386823014,0.788002711572624,2.200552367428894,1.665818245870208,0.4934759854308776,0.4675004990276171,-1.1302428325547154,0.6931471805599453,AUG,15110,20020122,5.6,2296
-2.8528447860054436,-0.5116593045145682,0.8484400649659806,1.2680737297324596,1.2837077723447896,0.5025918188388871,0.4675004990276171,-1.2092295895813316,0.6931471805599453,AUG,15273,20020208,4.75,2323
-3.72098950803217,-0.9155410129836091,0.6871291082343823,1.5299617109323036,1.81319474994812,0.49408629976169266,0.4134332777573413,-1.2205834600031922,0.6931471805599453,AUG,15456,20020307,5.4,2347
-3.810821124919179,-0.9142927292114821,0.4007875185570534,1.541159071680806,1.830980182381336,0.49408629976169266,0.4265740713183996,-1.218105143988725,0.6931471805599453,AUG,15489,20020312,3.4,2366
-3.5578511917075324,-0.9165407631293644,0.3987761199573678,1.4136663079157412,1.430311246536665,0.49591501103023644,0.43889988419440173,-1.2278030199066123,0.6931471805599453,AUG,15489,20020312,5.4,2367
-3.2441936328524905,-0.9150415124737232,0.6886370250820593,1.4701758451005926,1.2753628004126087,0.4891933236388768,0.3852624007906449,-1.1998936634464112,0.6931471805599453,AUG,15496,20020312,4.95,2368
-3.3292488823495714,-0.22476987305879384,0.6891391591624065,1.9640306901685083,2.2669579153508947,0.4891933236388768,0.41078426958576436,-1.163911368730455,0.6931471805599453,AUG,15594,20020416,4.7,2390
-3.376699910061768,-0.22314355131420985,0.7168637071772613,1.7116334247487701,2.302585092994046,0.4879663296199081,0.4542552722775964,-1.1581785388973573,0.6931471805599453,AUG,15674,20020425,3.75,2423
-2.7869310839556576,-0.22351862164429287,0.9090646867824156,1.7485039605570978,1.801709800081223,0.48489224173948625,0.4252677354043441,-1.1282973304046175,0.6931471805599453,AUG,15787,20020514,4.65,2447
-2.9033354242880236,-0.5088276211033177,0.9917691930500606,1.260731138144545,1.2178757094949273,0.498348102254878,0.42592111667554666,-1.198721327906563,0.6931471805599453,AUG,15889,20020604,1.9,2503
-3.0328112817954116,-0.5101591792228303,0.9913982043609604,1.320421616969183,1.3837912309017721,0.504405055963068,0.4517123592734841,-1.2202069270878193,0.6931471805599453,AUG,15889,20020604,3.1,2504
-3.128806627779333,-0.5109923043230896,0.9913982043609604,1.2900587532390648,1.3987168811184478,0.5068176023684519,0.4599532933922342,-1.2298056249394183,0.6931471805599453,AUG,15889,20020604,3.7,2505
-3.2319610644168564,-0.5101591792228303,0.9913982043609604,1.2778736121654701,1.413423028508143,0.5068176023684519,0.4637340162321402,-1.231455450019768,0.6931471805599453,AUG,15889,20020604,4.5,2506
-3.2649197633696074,-0.5098261234329071,0.9913982043609604,1.313454814942933,1.430311246536665,0.5068176023684519,0.4643627493556498,-1.2318683319414054,0.6931471805599453,AUG,15889,20020604,5.7,2507
-2.590133841000592,-0.22552137610017395,0.6946460566836813,2.0738006617897504,1.5496879080283263,0.49103099643781106,0.445326641533295,-1.1225187966110286,0.6931471805599453,AUG,17151,20030306,5.25,2733
-2.394810037036563,-0.22815609313775412,0.6931471805599453,2.048079865236822,0.9001613499442714,0.4885800148186709,0.4356709501652302,-1.1127609909138934,0.6931471805599453,AUG,17433,20030430,5.25,2779
-2.3875984673210024,-0.22815609313775412,0.6911451778892722,2.0354896541506533,0.883767540168595,0.49103099643781106,0.44276089285186127,-1.122330773671676,0.6931471805599453,AUG,17448,20030506,5.25,2784
-2.810249053422458,0.07232066157962608,0.6956440607585325,2.0106272256794764,1.3190856114264404,0.48673782823690076,0.4200252594394941,-1.0994116246469692,0.0,AUG,18179,20030731,3.0,2883
-3.7867128144626996,-0.5101591792228303,0.3285840637722067,1.7693434299437227,2.379546134130174,0.5128236264286637,0.5031965966014995,-1.2347818888427287,0.6931471805599453,AUG,19111,20040603,5.5,2950
-2.464280831994344,-0.00040008002133980235,0.9086617047096639,2.1546649629174235,1.5953389880545987,0.47374661552457,0.4593217808988751,-1.1234512382416786,0.6931471805599453,AUGW,22755,20080229,2.75,3062
-2.6047718516487084,-0.0011006054440330039,0.9090646867824156,2.188968366207078,1.5953389880545987,0.4824261492442928,0.44660705143933954,-1.1205171240561598,0.6931471805599453,AUGW,22832,20080318,2.75,3065
-2.453756880795784,-0.0007002451143934259,0.9110771648212677,2.172476407647025,1.5686159179138452,0.48427628853245414,0.45298462407614076,-1.128823799256337,0.6931471805599453,AUGW,22856,20080319,2.75,3066
-2.4157537910996836,0.0,0.911479174876933,2.1744107542705375,1.5769147207285403,0.48673782823690076,0.4548899914356874,-1.1381674154449777,0.6931471805599453,AUGW,22880,20080325,1.85,3067
-2.432579889610233,0.0009995003330834232,0.9106749930885194,2.158945642792435,1.5727739280625088,0.4873522675803485,0.45615822242368254,-1.1401255540020205,0.6931471805599453,AUGW,22909,20080327,1.85,3068
-2.4318968294743852,0.0009995003330834232,0.911881023385455,2.158483749019789,1.5769147207285403,0.4873522675803485,0.4555243079809013,-1.1395494618113398,0.6931471805599453,AUGW,22955,20080401,1.85,3069
-2.6578324849415926,-0.0010005003335835344,0.9013801191384009,2.211894227709542,1.597365331199831,0.4885800148186709,0.4649910874221913,-1.145202420696244,0.6931471805599453,AUGW,23004,20080408,1.85,3070
-2.4983566975124045,0.0,0.9082585601768908,2.2162643865275187,1.5623463049002497,0.4879663296199081,0.45805755822733496,-1.142085123212375,0.6931471805599453,AUGW,23006,20080408,1.85,3071
-2.5452937998030953,-0.0011006054440330039,0.8862438105218584,2.2438960966453663,1.5789787049493917,0.4873522675803485,0.4593217808988751,-1.139933486393632,0.6931471805599453,AUGW,23018,20080410,1.85,3074
-2.607209886176139,-0.001200720576518988,0.8874796500200354,2.2192034840549946,1.5892352051165808,0.4873522675803485,0.462475362824944,-1.1407019782662278,0.6931471805599453,AUGW,23041,20080411,1.85,3075
-2.4221572281348904,-0.0003000450090021035,0.9050275395954444,2.1531565795021166,1.5644405465033644,0.4861230111256188,0.45234869400701483,-1.1323866057867136,0.6931471805599453,AUGW,23364,20080617,3.25,3083
-2.4912064519365282,0.0,0.9082585601768908,2.1002240808623642,1.547562508716013,0.48489224173948625,0.4542552722775964,-1.1388187091461501,0.6931471805599453,AUGW,23429,20080626,2.65,3086
-2.395248777857465,-0.00020002000266715575,0.9090646867824156,2.198557022569998,1.556037135706985,0.4774756440844366,0.44980092192821614,-1.1260319413165065,0.6931471805599453,AUGW,23722,20080926,3.25,3089
-2.5160258688468704,0.0,0.9074517832069507,2.1086361999591117,1.5851452198650557,0.4824261492442928,0.44916296337388373,-1.132322287809923,0.6931471805599453,AUGW,23793,20081009,2.75,3092
-2.4557362724882204,0.0,0.9098701640712323,2.1021810286493254,1.4770487243883548,0.4818086746954981,0.4478858239921165,-1.1309389698386692,0.6931471805599453,AUGW,23837,20081014,2.75,3095
-2.4786065372395205,-0.00010000500033345836,0.8969040180739649,2.061786606441115,1.5238800240724537,0.4855078157817008,0.4478858239921165,-1.1304364240711717,0.6931471805599453,AUGW,23859,20081016,3.25,3096
-2.6156533518362424,-0.0005001250416823539,0.9058362739702962,2.1583682422336365,1.5173226235262947,0.48057258059496977,0.4485245975686114,-1.1226464909709144,0.6931471805599453,AUGW,23884,20081021,2.95,3097
-2.4793222714941,-0.0003000450090021035,0.9030028375472197,2.1493173565908283,1.4929040961781488,0.48365995569322123,0.44660705143933954,-1.122318950969097,0.6931471805599453,AUGW,23907,20081023,3.25,3098
-2.4693483108721477,-0.00020002000266715575,0.9058362739702962,2.1183016128865506,1.506297153514587,0.4855078157817008,0.44916296337388373,-1.1292935668039221,0.6931471805599453,AUGW,23928,20081024,3.25,3099
-2.639177336815835,-0.0010005003335835344,0.8997547632340556,2.1564025828159643,1.5830939370944985,0.48427628853245414,0.44596705141749426,-1.124072293595405,0.6931471805599453,AUGW,23971,20081106,3.25,3100
-2.4518974961810547,-0.0011006054440330039,0.9046229270064731,2.0935909647842554,1.5195132049061133,0.4879663296199081,0.4517123592734841,-1.1357578084590563,0.6931471805599453,AUGW,24059,20081118,2.35,3101
-2.461346385378987,-0.00020002000266715575,0.9050275395954444,2.0969130225918406,1.5085119938441398,0.4774756440844366,0.4504384737508955,-1.1285216486257468,0.6931471805599453,AUGW,24087,20081120,3.25,3103
-2.557735440443342,0.0,0.9110771648212677,2.1226207557737693,1.597365331199831,0.48489224173948625,0.44980092192821614,-1.1271562119848617,0.6931471805599453,AUGW,24156,20081127,3.25,3106
-2.4300776135093223,-0.0030045090202987243,0.9050275395954444,2.191653532286764,1.5686159179138452,0.47685510419483734,0.4485245975686114,-1.1235004511033626,0.6931471805599453,AUGW,24408,20090512,3.25,3107
-2.612376451033928,-0.0031048149534787565,0.9038132103630424,2.194999882314108,1.6193882432872684,0.48057258059496977,0.43889988419440173,-1.1162058549543086,0.6931471805599453,AUGW,24423,20090514,2.75,3108
-2.5771535263004437,-0.003606495594111744,0.898534010284896,2.2035379393928114,1.6074359097634274,0.47561286801024616,0.44596705141749426,-1.1173067669812757,0.6931471805599453,AUGW,24445,20090515,3.25,3109
-2.4600579518186096,-0.002703651574314823,0.9046229270064731,2.1778152060380958,1.5686159179138452,0.47685510419483734,0.44980092192821614,-1.1246465830339856,0.6931471805599453,AUGW,24532,20090602,3.25,3110
-2.4393216165675167,-0.002703651574314823,0.9074517832069507,2.17384221710132,1.5769147207285403,0.47685510419483734,0.44980092192821614,-1.1250289191120515,0.6931471805599453,AUGW,24552,20090604,3.25,3111
-2.4530592063488803,-0.0026033858701149278,0.9054319885392791,2.17792848839449,1.5602476682433286,0.47685510419483734,0.44980092192821614,-1.1240733528663829,0.6931471805599453,AUGW,24570,20090605,3.25,3112
-2.5677232010109323,-0.0035061393292877014,0.9046229270064731,2.185264450417503,1.5748464676644813,0.47561286801024616,0.44596705141749426,-1.1184472346966023,0.6931471805599453,AUGW,24637,20090617,3.25,3117
-2.6681566374405334,-0.0039076248310170765,0.898534010284896,2.172476407647025,1.5871923034867805,0.47561286801024616,0.44468582126144574,-1.1186374391669809,0.6931471805599453,AUGW,24658,20090618,3.25,3118
-2.483028414776228,-0.0025031302181185884,0.9046229270064731,2.1445267883357704,1.6253112615903906,0.4780957991430718,0.44980092192821614,-1.1278004218601805,0.6931471805599453,AUGW,24703,20090623,3.25,3120
-2.6790255220615937,-0.0035061393292877014,0.9013801191384009,2.282790465665866,1.5933085305042167,0.47685510419483734,0.4643627493556498,-1.1340561579813135,0.6931471805599453,AUGW,24900,20090722,3.45,3128
-2.467695613057646,-0.016535968640099635,0.8899467565345531,2.189080392197225,1.528227857008557,0.4799539600989037,0.45107561936021673,-1.1245014708227867,0.6931471805599453,AUGW,25219,20090924,3.6,3133
-2.48530672980934,-0.0032051309489484468,0.9058362739702962,2.1875108851485803,1.5539252025038415,0.47561286801024616,0.4478858239921165,-1.1190179566753775,0.6931471805599453,AUGW,25246,20090925,3.25,3134
-2.5816378387477723,-0.0020020026706730793,0.9042181506398859,2.2113466125597747,1.6331544390514163,0.48119081863630003,0.4434029474485566,-1.1194710977554052,0.6931471805599453,AUGW,25281,20091001,2.75,3136
-2.4918104261047946,-0.002703651574314823,0.8981267612464839,2.1862759705936625,1.601405740736836,0.48365995569322123,0.44276089285186127,-1.1232663693251368,0.6931471805599453,AUGW,25306,20091008,2.65,3139
-2.5261037146383387,-0.0031048149534787565,0.8977193462887197,2.155823711598642,1.5892352051165808,0.4855078157817008,0.4517123592734841,-1.1327260644532464,0.6931471805599453,AUGW,25307,20091008,4.25,3141
-2.5140471395344175,-0.0025031302181185884,0.9126842362800434,2.145463337221833,1.7119945007591924,0.4855078157817008,0.45362014999521155,-1.133681630698915,0.6931471805599453,AUGW,25414,20091021,4.25,3151
-2.5683752190297278,-0.0032051309489484468,0.9070481505072224,2.1627481478062465,1.7047480922384253,0.48427628853245414,0.44980092192821614,-1.1284428468707777,0.6931471805599453,AUGW,25415,20091021,4.25,3152
-2.5672018925148303,-0.0038072383429540663,0.9070481505072224,2.1752061636642153,1.5686159179138452,0.4824261492442928,0.445326641533295,-1.1208957685135423,0.6931471805599453,AUGW,25415,20091021,5.75,3153
-2.487830921305247,-0.002904213147389827,0.9086617047096639,2.0738006617897504,1.5706970841176697,0.4861230111256188,0.4542552722775964,-1.1354447121455344,0.6931471805599453,AUGW,25465,20091103,4.25,3156
-2.5101013884225565,-0.0028039273327342593,0.9086617047096639,2.0732977069193463,1.5810384379124023,0.48673782823690076,0.45615822242368254,-1.1379756057196364,0.6931471805599453,AUGW,25466,20091103,3.85,3157
-2.4909649643719645,-0.0031048149534787565,0.9086617047096639,2.073674946785499,1.5727739280625088,0.4861230111256188,0.45362014999521155,-1.1364022914583882,0.6931471805599453,AUGW,25467,20091103,4.75,3158
-2.548357762368617,-0.0033054570087265927,0.9074517832069507,2.1390067790172265,1.5953389880545987,0.4879663296199081,0.4668737362368079,-1.1438177254361563,0.6931471805599453,AUGW,25567,20091117,4.25,3161
-2.5212387390354034,-0.0031048149534787565,0.9074517832069507,2.0974042420540084,1.5871923034867805,0.4898062565419152,0.47000362924573563,-1.1502926548623122,0.6931471805599453,AUGW,25568,20091117,3.85,3162
-2.391962904145262,-0.0025031302181185884,0.9170904120447193,2.1021810286493254,1.506297153514587,0.48365995569322123,0.47561286801024616,-1.1325988815888464,0.6931471805599453,AUGW,26129,20110118,3.25,3188
-2.3737589124485705,-0.0025031302181185884,0.9134868045414208,2.17281803493498,1.5518087995974639,0.4774756440844366,0.4873522675803485,-1.1393179748159694,0.6931471805599453,AUGW,26207,20110127,4.5,3197
-2.4500415624619207,-0.0025031302181185884,0.9030028375472197,2.089020516460159,1.5644405465033644,0.47933495667461984,0.46058440732924394,-1.1174259314864867,0.6931471805599453,AUGW,26347,20110218,3.25,3217
-2.7944254168489557,-0.22401893435016368,0.9074517832069507,1.749199854809259,1.7209792871670078,0.48427628853245414,0.4824261492442928,-1.1580130755725762,0.6931471805599453,AUGW,26404,20110224,3.25,3220
-2.987169042893503,-0.22627344432313742,0.8666802313208206,1.831781143577541,1.8718021769015913,0.4879663296199081,0.5086232002107907,-1.193996136010867,0.6931471805599453,AUGW,26410,20110224,2.75,3224
-2.440468800357432,-0.0028039273327342593,0.911479174876933,2.11130351482858,1.5810384379124023,0.47933495667461984,0.4631048875545789,-1.117615235793725,0.6931471805599453,AUGW,26420,20110301,3.25,3226
-2.4531754516265467,-0.0034057931348329324,0.9005677714089187,2.1048655940199943,1.6034198401085373,0.48304324275353905,0.4712528486461675,-1.1315995399856091,0.6931471805599453,AUGW,26445,20110303,5.45,3233
-2.783690115310955,-0.22351862164429287,0.9054319885392791,1.7859090555498793,1.7439688053917064,0.4824261492442928,0.4787155698477571,-1.1520521347628923,0.6931471805599453,AUGW,26460,20110303,3.25,3234
-2.6287308318979554,-0.22401893435016368,0.9058362739702962,1.989653586288814,1.7029282555214391,0.48304324275353905,0.4873522675803485,-1.1530600059246299,0.6931471805599453,AUGW,26460,20110303,5.25,3235
-2.41050443521354,-0.002703651574314823,0.9021918074946533,2.155707897133286,1.5810384379124023,0.48057258059496977,0.4643627493556498,-1.1216967330877632,0.6931471805599453,AUGW,26497,20110310,3.25,3237
-2.5657696938454393,-0.0020020026706730793,0.9090646867824156,2.101569893752837,1.547562508716013,0.48427628853245414,0.4485245975686114,-1.1393572682859432,0.6931471805599453,AUGW,26519,20110311,2.25,3239
-2.478368072948418,-0.0031048149534787565,0.9090646867824156,2.1596380836741127,1.547562508716013,0.48119081863630003,0.4649910874221913,-1.1249765696585212,0.6931471805599453,AUGW,26519,20110311,3.25,3240
-2.6012607069206926,-0.002703651574314823,0.9086617047096639,2.110819077372091,1.6094379124341003,0.4824261492442928,0.4675004990276171,-1.1300265148482678,0.6931471805599453,AUGW,26519,20110311,5.45,3241
-2.411395998852225,-0.002904213147389827,0.8977193462887197,2.136412437939462,1.5107219394949425,0.4799539600989037,0.4637340162321402,-1.1201292558927434,0.6931471805599453,AUGW,26537,20110315,3.25,3243
-2.526979426209908,-0.0038072383429540663,0.8969040180739649,2.1117877177190474,1.673351238177753,0.4824261492442928,0.46937843385181716,-1.1300265148482678,0.6931471805599453,AUGW,26537,20110315,5.45,3244
-2.381303677705451,-0.0031048149534787565,0.9098701640712323,2.1485010776113307,1.5432981099295553,0.4799539600989037,0.4637340162321402,-1.1205086905396784,0.6931471805599453,AUGW,26558,20110317,3.25,3246
-2.509855295151965,-0.003706861931326512,0.9094675065260296,2.1323897159979315,1.6620303625532709,0.48119081863630003,0.4675004990276171,-1.1247862203669976,0.6931471805599453,AUGW,26558,20110317,5.45,3247
-3.065511168161908,-0.2269006001919221,0.9297990818989472,2.0559169966328787,1.827769906751088,0.4787155698477571,0.494696241836107,-1.1623085376028905,0.6931471805599453,AUGW,26592,20110318,2.7,3251
-2.4037322749990033,-0.0033054570087265927,0.9110771648212677,2.1290646921531597,1.501852701754163,0.48057258059496977,0.4643627493556498,-1.1224564672173736,0.6931471805599453,AUGW,26650,20110329,3.25,3261
-2.486988815992325,-0.0028039273327342593,0.8989410935390421,2.084802147921932,1.6034198401085373,0.4824261492442928,0.47000362924573563,-1.1307911870323448,0.6931471805599453,AUGW,26695,20110401,5.45,3265
-2.8155797340448765,-0.22564668153232836,0.9126842362800434,1.8388020755613663,1.7047480922384253,0.48673782823690076,0.42133845726445457,-1.1591024696143175,0.6931471805599453,AUGW,26715,20110405,3.25,3271
-2.3976652992443155,-0.0028039273327342593,0.9122827104766164,2.1290646921531597,1.5496879080283263,0.4799539600989037,0.461845441544272,-1.1205086905396784,0.6931471805599453,AUGW,26802,20110415,3.25,3273
-2.4447248601551688,-0.0030045090202987243,0.9122827104766164,2.119623331312668,1.5810384379124023,0.48119081863630003,0.4668737362368079,-1.1266913457288923,0.6931471805599453,AUGW,26802,20110415,5.45,3274
-2.391853560752228,-0.0030045090202987243,0.9146894505071812,2.1309660593332267,1.5539252025038415,0.4799539600989037,0.462475362824944,-1.1197499651618545,0.6931471805599453,AUGW,26820,20110419,3.25,3276
-2.404728566662749,-0.0025031302181185884,0.9146894505071812,2.1100919808785945,1.5432981099295553,0.48119081863630003,0.4681268692328754,-1.1247862203669976,0.6931471805599453,AUGW,26820,20110419,5.45,3277
-2.410727251613749,-0.0032051309489484468,0.9086617047096639,2.1576749211982373,1.5303947050936475,0.4787155698477571,0.4599532933922342,-1.114537683788433,0.6931471805599453,AUGW,26860,20110428,3.25,3287
-2.53061556588165,-0.0034057931348329324,0.9082585601768908,2.1117877177190474,1.5496879080283263,0.4799539600989037,0.46561903092791146,-1.1184235793681532,0.6931471805599453,AUGW,26860,20110428,5.45,3288
-2.3712922910038365,-0.0031048149534787565,0.8997547632340556,2.162288007455323,1.5238800240724537,0.47933495667461984,0.462475362824944,-1.1179939519504953,0.6931471805599453,AUGW,26878,20110429,3.25,3290
-2.479441610356942,-0.0022024235552001504,0.9001613499442714,2.116496449630847,1.5830939370944985,0.48057258059496977,0.4675004990276171,-1.1226464909709144,0.6931471805599453,AUGW,26878,20110429,5.45,3291
-2.9088209015646944,-0.22752814963203385,0.9222728035517026,1.922641522115959,1.918392120161421,0.49041881398832804,0.5247285289349821,-1.2019336519064583,0.6931471805599453,AUGW,26901,20110503,2.6,3292
-3.067228275259061,-0.22614806033450852,0.9218751101680556,1.989380063311179,1.9947003132247452,0.48427628853245414,0.5181983780954038,-1.186867927920399,0.6931471805599453,AUGW,26901,20110503,4.1,3293
-3.2291787178640976,-0.22715157271174863,0.9222728035517026,2.0566845545572194,2.013568797529128,0.48057258059496977,0.511025603768657,-1.171721758492242,0.6931471805599453,AUGW,26901,20110503,5.15,3294
-2.881332733245495,-0.22777927971873788,0.9194856227706742,1.9963316349568294,1.8687205103641833,0.48673782823690076,0.5134222496132567,-1.1863055765997688,0.6931471805599453,AUGW,26902,20110503,2.6,3295
-3.188346619833378,-0.2269006001919221,0.9194856227706742,2.0716613543608737,1.9906103279732201,0.48119081863630003,0.5128236264286637,-1.1725396172548659,0.6931471805599453,AUGW,26902,20110503,5.15,3296
-2.4154179012683894,-0.0025031302181185884,0.881699287104536,2.1394777551238953,1.556037135706985,0.48119081863630003,0.4681268692328754,-1.1265006697820854,0.6931471805599453,AUGW,27050,20110531,5.45,3304
-2.442537053421491,-0.0033054570087265927,0.8808707866428946,2.1320339917990068,1.5686159179138452,0.4799539600989037,0.462475362824944,-1.1220278704748485,0.6931471805599453,AUGW,27089,20110607,3.25,3311
-2.8459339084655966,-0.22589733951083085,0.9058362739702962,2.075809955445786,1.9065751436566363,0.4818086746954981,0.5031965966014995,-1.1767574772020717,0.6931471805599453,AUGW,27138,20110610,2.5,3318
-2.8359972154328323,-0.21890255705695522,0.9054319885392791,2.111666688974573,2.012232791986386,0.49041881398832804,0.5152159720672835,-1.1863699218810078,0.6931471805599453,AUGW,27138,20110610,2.75,3319
-3.5627755773182104,-0.2269006001919221,0.9050275395954444,2.2352693857091785,2.5257286443082556,0.4824261492442928,0.521765563804325,-1.1779762144205483,0.6931471805599453,AUGW,27138,20110610,5.05,3320
-2.7541988571281903,-0.0034057931348329324,0.9178894532378521,2.108514789165543,1.601405740736836,0.48119081863630003,0.4731237565819792,-1.1236448848807272,0.6931471805599453,AUGW,27152,20110614,5.45,3323
-2.2585682075772713,-0.003706861931326512,0.9110771648212677,2.1092430329166256,1.091923300517313,0.47933495667461984,0.4408322519454557,-1.1204591091674134,0.6931471805599453,AUGW,27199,20110705,2.25,3324
-2.7339835831287145,-0.22364367635589208,0.9337376454778757,1.815475995845371,1.6563214983329506,0.48673782823690076,0.4408322519454557,-1.1677588289990055,0.6931471805599453,AUGW,27202,20110705,4.25,3326
-3.0153229233189953,-0.22439433321586247,0.9090646867824156,1.701105100959924,1.766441661243765,0.4780957991430718,0.44018854416654996,-1.181899559891546,0.6931471805599453,AUGW,27217,20110707,2.65,3327
-2.7232653669086906,-0.22464467744047695,0.9082585601768908,1.892057190543419,1.5623463049002497,0.47374661552457,0.4337285733810237,-1.1627025914660472,0.6931471805599453,AUGW,27219,20110707,2.25,3328
-2.720224002033919,-0.22527081233038385,0.9074517832069507,1.9888327928090808,1.5432981099295553,0.4725005094443228,0.43243155633797864,-1.1568861843356955,0.6931471805599453,AUGW,27238,20110708,2.25,3336
-2.4259964379092804,-0.0035061393292877014,0.9054319885392791,2.11130351482858,1.5789787049493917,0.4787155698477571,0.46058440732924394,-1.1143488442070957,0.6931471805599453,AUGW,27700,20120411,3.25,3357
-2.4156418152863424,-0.003606495594111744,0.9094675065260296,2.151413305192307,1.5789787049493917,0.47933495667461984,0.4599532933922342,-1.1164799471192803,0.6931471805599453,AUGW,27777,20120420,3.25,3363
-3.035305048673814,-0.5109923043230896,0.46875284734408296,2.0506561902480827,1.8531680973566984,0.4879663296199081,0.5270925962298626,-1.1976494788199528,0.6931471805599453,AUGW,28137,20120606,2.9,3405
-3.053997181685967,-0.5114925127536943,0.4675004990276171,2.086417155416261,1.8389610707123492,0.48673782823690076,0.538829820175588,-1.1917551813673335,0.6931471805599453,AUGW,28137,20120606,4.1,3406
-2.6156533518362424,-0.002402884616310426,0.9787019919955522,2.112755420709769,1.6213664832993742,0.4780957991430718,0.4891933236388768,-1.1601052352925612,0.6931471805599453,AUGW,28330,20120705,2.05,3431
-2.656122108241851,-0.002402884616310426,0.9779501122608827,2.217027204632399,1.8961194845522977,0.4774756440844366,0.48489224173948625,-1.158694253779108,0.6931471805599453,AUGW,28330,20120705,2.45,3432
-2.8069317506623275,-0.0030045090202987243,0.9779501122608827,2.2680971625353723,1.9080599249242156,0.47499117075677466,0.48057258059496977,-1.1463768595352073,0.6931471805599453,AUGW,28330,20120705,2.85,3433
-2.8028005376480207,-0.2241440516477934,0.767790723555711,2.0765624009289922,1.8718021769015913,0.4989554511955033,0.4916428043492167,-1.1758356592915766,0.6931471805599453,AUGW,28724,20121023,3.7,3458
-2.7705108824448157,-0.22464467744047695,0.770571077524749,2.0353590291096473,1.873339456220478,0.49774038421733524,0.49286529838899784,-1.1797498203668246,0.6931471805599453,AUGW,28725,20121023,2.5,3460
-2.867514975753237,-0.2241440516477934,0.7696451515326702,2.082187767347861,1.8855533485144158,0.49774038421733524,0.4885800148186709,-1.1706928574917612,0.6931471805599453,AUGW,28725,20121023,4.1,3461
-3.0063888537425196,-0.22451949749414088,0.7691818668359429,2.0885251604128783,1.937301774518713,0.49591501103023644,0.4855078157817008,-1.1635893956171506,0.6931471805599453,AUGW,28725,20121023,6.1,3462
-2.8863398967827942,-0.2241440516477934,0.7714961469709216,2.037055825183398,1.9600947840472698,0.494696241836107,0.4898062565419152,-1.1772992085203813,0.6931471805599453,AUGW,28726,20121023,2.2,3464
-2.859280150418491,-0.22514555398488284,0.7710337192170165,2.063185119160313,1.918392120161421,0.49652383905513103,0.49103099643781106,-1.175768114446085,0.6931471805599453,AUGW,28726,20121023,2.5,3465
-3.0485003390926466,-0.22502031132706996,0.770571077524749,2.091493622703977,1.9387416595767006,0.494696241836107,0.4774756440844366,-1.1569263197613306,0.6931471805599453,AUGW,28726,20121023,4.1,3466
-3.205466137958283,-0.22552137610017395,0.770571077524749,2.074554620106441,1.937301774518713,0.49103099643781106,0.46624658036802336,-1.1407356191549196,0.6931471805599453,AUGW,28726,20121023,6.1,3467
-3.0878475624617967,-0.22489508435301614,0.7673265787341967,2.099121612446663,1.937301774518713,0.49591501103023644,0.4774756440844366,-1.156788631039886,0.6931471805599453,AUGW,28727,20121023,2.8,3469
-3.1936955263379025,-0.22564668153232836,0.767790723555711,2.0818137258248917,1.9416152247724325,0.49103099643781106,0.4643627493556498,-1.1434201845255885,0.6931471805599453,AUGW,28727,20121023,3.55,3470
-3.3214624136433017,-0.22589733951083085,0.7673265787341967,2.1590610829080035,1.9960599327407849,0.4861230111256188,0.4485245975686114,-1.123646287937567,0.6931471805599453,AUGW,28727,20121023,4.6,3471
-2.859978352576371,-0.22426918460172005,0.7714961469709216,2.022209595724703,1.9095425048844386,0.49103099643781106,0.4873522675803485,-1.1789916503104563,0.6931471805599453,AUGW,28728,20121023,2.0,3472
-3.1082293047811373,-0.22552137610017395,0.770571077524749,2.0933444468488274,1.9358598132018119,0.49286529838899784,0.47187687362741587,-1.1516110522316108,0.6931471805599453,AUGW,28728,20121023,3.3,3473
-3.3489845102152214,-0.22639884403488242,0.770571077524749,2.168596452990729,2.018895041811802,0.48673782823690076,0.45107561936021673,-1.1248288030487676,0.6931471805599453,AUGW,28728,20121023,5.4,3474
-2.8759955919516575,-0.22464467744047695,0.7714961469709216,2.0215475632609334,1.922787731634459,0.4898062565419152,0.4879663296199081,-1.1819539367687772,0.6931471805599453,AUGW,28729,20121023,1.95,3475
-2.9745580383225847,-0.22502031132706996,0.7714961469709216,2.0691386486839387,1.951608170169951,0.49286529838899784,0.4873522675803485,-1.1705329081005569,0.6931471805599453,AUGW,28729,20121023,2.35,3476
-3.065511168161908,-0.22589733951083085,0.7710337192170165,2.0840558792305814,1.9558604799084813,0.49774038421733524,0.48489224173948625,-1.1654147688042495,0.6931471805599453,AUGW,28729,20121023,2.65,3477
-3.0830346019567876,-0.22539608636750366,0.7710337192170165,2.1012030334613487,1.9300710850255671,0.4934759854308776,0.47374661552457,-1.1539623837512747,0.6931471805599453,AUGW,28729,20121023,3.15,3478
-3.054209203312967,-0.22289358255900252,0.9098701640712323,1.8748743759385615,1.9095425048844386,0.4916428043492167,0.4408322519454557,-1.1889988296832168,0.6931471805599453,AUGW,28886,20121122,2.0,3487
-3.1304071768805923,-0.22226893390354896,0.9098701640712323,1.8917556223867307,1.890095369948917,0.49103099643781106,0.4265740713183996,-1.1845782570190961,0.6931471805599453,AUGW,28886,20121122,3.0,3488
-2.965203068519168,-0.22214405098112627,0.9094675065260296,1.906277922670647,1.9154509415706047,0.4879663296199081,0.4206820739130247,-1.1713612187371751,0.6931471805599453,AUGW,28886,20121122,4.0,3489
-3.0078048547882603,-0.22276862160913655,0.9090646867824156,1.9210318049321942,1.9329696377795784,0.4861230111256188,0.42395969074432877,-1.1647757455351115,0.6931471805599453,AUGW,28886,20121122,5.0,3490
-3.0309450293097355,-0.22239383242366384,0.911479174876933,1.8970199798855478,1.9726911717329552,0.49103099643781106,0.43889988419440173,-1.1901962493233194,0.6931471805599453,AUGW,28888,20121122,2.1,3492
-3.120388878153547,-0.22251874654536768,0.911479174876933,1.904343829975201,1.958685340544036,0.4916428043492167,0.43113285485674213,-1.1894005974668453,0.6931471805599453,AUGW,28888,20121122,2.9,3493
-2.8719229878277046,-0.22201918365250053,0.9106749930885194,1.9361483718533596,1.9154509415706047,0.4891933236388768,0.42787870294506447,-1.1781492995803542,0.6931471805599453,AUGW,28888,20121122,4.1,3494
-2.8763505165339103,-0.22276862160913655,0.9106749930885194,1.9028535167336418,1.9242486522741338,0.49041881398832804,0.44276089285186127,-1.1819672731845763,0.6931471805599453,AUGW,28888,20121122,7.1,3495
-2.9427603887878853,-0.22401893435016368,0.9106749930885194,1.8983692042863132,1.9726911717329552,0.49225423818055525,0.44404459007563946,-1.194240367407705,0.6931471805599453,AUGW,28889,20121122,2.1,3496
-2.9440890404021527,-0.22401893435016368,0.9106749930885194,1.9095425048844386,1.9530276168241774,0.494696241836107,0.44596705141749426,-1.2011313167229876,0.6931471805599453,AUGW,28889,20121122,2.9,3497
-2.8028005376480207,-0.22539608636750366,0.9098701640712323,2.0809404178035718,1.9754689512968577,0.49286529838899784,0.44916296337388373,-1.19263435525783,0.6931471805599453,AUGW,28889,20121122,6.75,3500
-2.923783774241407,-0.22339358256941913,0.911479174876933,1.9163342038096856,1.9740810260220096,0.494696241836107,0.44660705143933954,-1.2017395275881637,0.6931471805599453,AUGW,28890,20121122,2.9,3502
-2.800659032834873,-0.22577200266790187,0.9110771648212677,2.049755231309476,1.9754689512968577,0.49041881398832804,0.44276089285186127,-1.1752010782166458,0.6931471805599453,AUGW,28890,20121122,6.65,3505
-2.840268170929919,-0.2265242594736873,0.9138878472578448,1.860507866389149,1.6601310267496185,0.49774038421733524,0.4542552722775964,-1.2025553696449627,0.6931471805599453,AUGW,28896,20121123,2.5,3506
-3.1608427936175914,-0.22552137610017395,0.9130856009252067,1.871032650122563,2.081938421878423,0.4989554511955033,0.4586898693454622,-1.209248790590419,0.6931471805599453,AUGW,28896,20121123,4.75,3507
-2.855448728106935,-0.2269006001919221,0.9138878472578448,1.8600409766444606,1.6582280766035324,0.49591501103023644,0.45107561936021673,-1.1948790769117466,0.6931471805599453,AUGW,28896,20121123,6.25,3508
-3.010439902426265,-0.22326855912736093,0.9138878472578448,1.9211782499789523,2.020222182019865,0.4891933236388768,0.43243155633797864,-1.1763584325212746,0.6931471805599453,AUGW,28904,20121123,3.1,3511
-2.9517153881372167,-0.22401893435016368,0.9138878472578448,2.055789013014607,2.0541237336955462,0.48673782823690076,0.4337285733810237,-1.1675612591080142,0.6931471805599453,AUGW,28904,20121123,3.95,3512
-3.0896034891640616,-0.22439433321586247,0.9138878472578448,1.991839080943713,2.0554049638515948,0.4824261492442928,0.41871033485818504,-1.1475691333946407,0.6931471805599453,AUGW,28904,20121123,4.95,3513
-2.9712348019536035,-0.22314355131420985,0.9130856009252067,2.1143259435333377,2.2731562823032334,0.4873522675803485,0.43243155633797864,-1.1707471566976155,0.6931471805599453,AUGW,28904,20121123,5.55,3514
-3.078679194374917,-0.22201918365250053,0.9134868045414208,2.090999490513565,2.263844264677615,0.4898062565419152,0.44596705141749426,-1.1722113405699583,0.6931471805599453,AUGW,28904,20121123,6.95,3515
-2.7235700127602467,-0.22301855912605886,0.9070481505072224,1.7505901921899842,1.4973884086254774,0.48365995569322123,0.4356709501652302,-1.186655472307981,0.6931471805599453,AUGW,29167,20130108,2.1,3524
-2.964039826821501,-0.22364367635589208,0.9106749930885194,1.9629077254238845,2.057962510002712,0.4855078157817008,0.42787870294506447,-1.1598332421010584,0.6931471805599453,AUGW,29172,20130108,4.1,3528
-2.8155797340448765,-0.22339358256941913,0.9110771648212677,2.072291037650995,1.9740810260220096,0.4885800148186709,0.4173936789734382,-1.1535285410199374,0.6931471805599453,AUGW,29174,20130108,3.65,3529
-2.8899318546677795,-0.22176949576106603,0.911479174876933,1.917804576078714,1.9837562915454279,0.504405055963068,0.46875284734408296,-1.213681618452897,0.6931471805599453,AUGW,29175,20130108,2.1,3530
-2.9297572846304583,-0.2226436762725587,0.9110771648212677,1.9300710850255671,1.9878743481543455,0.504405055963068,0.4637340162321402,-1.2257459708937952,0.6931471805599453,AUGW,29175,20130108,2.9,3531
-2.834634353211663,-0.22376874670812816,0.9106749930885194,2.077815219935252,2.0476928433652555,0.49225423818055525,0.44018854416654996,-1.170709869997511,0.6931471805599453,AUGW,29175,20130108,4.1,3532
-2.7936080894638566,-0.22351862164429287,0.9106749930885194,2.096667322344904,1.986503546020567,0.4934759854308776,0.43243155633797864,-1.1758810694589208,0.6931471805599453,AUGW,29175,20130108,5.85,3533
-2.9853859814998467,-0.22276862160913655,0.9230677161531787,1.9744976059072257,1.9242486522741338,0.4916428043492167,0.48304324275353905,-1.18359070433368,0.6931471805599453,AUGW,29809,20130322,2.0,3582
-3.2002994392952653,-0.22314355131420985,0.9222728035517026,2.100346502359732,1.8961194845522977,0.4916428043492167,0.46561903092791146,-1.1465312727920718,0.6931471805599453,AUGW,29809,20130322,4.0,3583
-3.357276194604227,-0.2238938327049139,0.9222728035517026,2.1727041721395257,1.9065751436566363,0.48489224173948625,0.4472466421231194,-1.1197705141754557,0.6931471805599453,AUGW,29809,20130322,6.0,3584
-3.1544935659389326,-0.22326855912736093,0.9238619973704731,1.9878743481543455,1.9139771019523042,0.49225423818055525,0.48365995569322123,-1.1724851934739544,0.6931471805599453,AUGW,29810,20130322,2.1,3585
-3.2241396545432996,-0.2238938327049139,0.9242589015233319,2.0427775573082445,1.9050881545350582,0.49286529838899784,0.4731237565819792,-1.1566478703190393,0.6931471805599453,AUGW,29810,20130322,2.55,3586
-3.2064533048696435,-0.22301855912605886,0.9238619973704731,2.0783159083923257,1.8991179875485542,0.49103099643781106,0.4631048875545789,-1.145919464880666,0.6931471805599453,AUGW,29810,20130322,3.05,3587
-3.3079802999510215,-0.2238938327049139,0.9238619973704731,2.0932211650882078,1.9110228900548727,0.4879663296199081,0.45298462407614076,-1.131942466173404,0.6931471805599453,AUGW,29810,20130322,4.1,3588
-3.350124111478155,-0.2238938327049139,0.9234649356221554,2.12918363357465,1.9110228900548727,0.4861230111256188,0.44916296337388373,-1.1232680015702792,0.6931471805599453,AUGW,29810,20130322,5.05,3589
-3.4854489341097463,-0.22339358256941913,0.9234649356221554,2.21506449546455,2.151762203259462,0.4873522675803485,0.461845441544272,-1.128476420073142,0.6931471805599453,AUGW,29810,20130322,6.3,3590
-3.5025658760504443,-0.22351862164429287,0.9230677161531787,2.2212665718164573,2.151762203259462,0.4873522675803485,0.461845441544272,-1.1271482726432993,0.6931471805599453,AUGW,29810,20130322,6.45,3591
-2.9057087709064024,-0.5108256237659907,0.4891933236388768,1.900464386136271,1.4562867329399256,0.4891933236388768,0.44980092192821614,-1.1456229212636593,0.6931471805599453,AUGW,29812,20130322,2.05,3592
-3.1428411385922033,-0.5104923459758703,0.4879663296199081,2.0186294022830786,1.8991179875485542,0.4885800148186709,0.4434029474485566,-1.1467462264833705,0.6931471805599453,AUGW,29812,20130322,2.45,3593
-3.284214666176541,-0.5111590126672283,0.4873522675803485,2.0052566434904593,1.8946168546677626,0.48673782823690076,0.44404459007563946,-1.1349116431541149,0.6931471805599453,AUGW,29812,20130322,3.05,3594
-3.4121572218984975,-0.5116593045145682,0.48673782823690076,2.0199568948449436,1.890095369948917,0.4855078157817008,0.44468582126144574,-1.1285323869384356,0.6931471805599453,AUGW,29812,20130322,4.35,3595
-3.1343049234179308,-0.22326855912736093,0.9222728035517026,2.1360581420987317,1.9110228900548727,0.49041881398832804,0.3893357261782807,-1.1431921004100003,0.6931471805599453,AUGW,29816,20130322,3.05,3596
-3.073261476063229,-0.22326855912736093,0.9218751101680556,2.1966688674024963,1.890095369948917,0.49041881398832804,0.38662202030668447,-1.142232131055296,0.6931471805599453,AUGW,29816,20130322,5.35,3597
-3.338504312323732,-0.22289358255900252,0.8993480111438431,1.95359483181386,2.468099531471619,0.4879663296199081,0.47685510419483734,-1.1676051601550612,0.6931471805599453,AUGW,32204,20151001,2.85,3692
-2.786768785813615,0.025667746748577813,0.910272659548592,2.403334996094189,2.1736147116970854,0.4855078157817008,0.42330502623649535,-1.1317714104427956,0.6931471805599453,AUGW,33307,20160331,4.1,3771
-2.7853092866491616,-0.22577200266790187,0.9038132103630424,1.9749140123259015,1.6974487897568136,0.5025918188388871,0.4200252594394941,-1.202159567201755,0.6931471805599453,AUGW,34602,20170711,4.0,3799
-2.676842273978017,-0.22527081233038385,0.9038132103630424,2.024985355883777,1.6467336971777973,0.5019866750987863,0.4200252594394941,-1.200347422711619,0.6931471805599453,AUGW,34602,20170711,4.5,3800
-2.66801251407068,-0.22589733951083085,0.9038132103630424,2.0547645539673955,1.6505798557652755,0.5019866750987863,0.4200252594394941,-1.1995435641474317,0.6931471805599453,AUGW,34602,20170711,5.0,3801
-2.6199019705755173,-0.22589733951083085,0.9034081060431414,2.088401283051308,1.6331544390514163,0.501381164937991,0.4193680132771557,-1.197934138632769,0.6931471805599453,AUGW,34602,20170711,5.45,3802
-2.644230688389256,-0.22602269206505327,0.9034081060431414,2.1005913004025705,1.6331544390514163,0.5007752879124892,0.41805222361363575,-1.1957240904190627,0.6931471805599453,AUGW,34602,20170711,6.2,3803
-2.8072629861738023,-0.22577200266790187,0.9021918074946533,1.9443374844949919,1.6956156086751528,0.5025918188388871,0.4206820739130247,-1.2013547381844683,0.6931471805599453,AUGW,34610,20170713,3.55,3805
-2.6717664890249635,-0.22577200266790187,0.9021918074946533,2.030513868056412,1.6582280766035324,0.501381164937991,0.41871033485818504,-1.1971317313680512,0.6931471805599453,AUGW,34610,20170713,3.95,3806
-2.7573454928270875,-0.22564668153232836,0.9017860456712733,2.089144317141221,1.747459210331475,0.5001690435774618,0.41673470036639515,-1.192116943561925,0.6931471805599453,AUGW,34610,20170713,4.35,3807
-2.7944254168489557,-0.22639884403488242,0.9017860456712733,2.1126345090356,1.763017000362401,0.4995624314872799,0.4140944348062188,-1.189116076537095,0.6931471805599453,AUGW,34610,20170713,4.55,3808
-2.928634530021497,-0.22777927971873788,0.9017860456712733,2.1797392629952,1.80005827204275,0.49652383905513103,0.40413088509502776,-1.175768114446085,0.6931471805599453,AUGW,34610,20170713,5.05,3809
-2.996332453626023,-0.22865873200231995,0.9017860456712733,2.209921408130626,1.7047480922384253,0.49225423818055525,0.3900130035492428,-1.1579808231645083,0.6931471805599453,AUGW,34610,20170713,5.45,3810
-3.0290822532355453,-0.22941316432780523,0.9021918074946533,2.2755221734443567,1.7173950539391925,0.49103099643781106,0.3852624007906449,-1.1520982835343447,0.6931471805599453,AUGW,34610,20170713,5.65,3811
-3.0480787539262,-0.22451949749414088,0.9038132103630424,2.105352923464337,2.341805806147327,0.4995624314872799,0.41078426958576436,-1.1901129861999593,0.6931471805599453,AUGW,34611,20170713,2.85,3813
-3.0670134755589546,-0.22552137610017395,0.9042181506398859,2.140183803635222,2.322387720290225,0.4995624314872799,0.4134332777573413,-1.188120159713418,0.6931471805599453,AUGW,34611,20170713,3.05,3814
-3.178213843149311,-0.22627344432313742,0.9038132103630424,2.208164517374554,2.322387720290225,0.4989554511955033,0.41475515501525706,-1.1845313662591306,0.6931471805599453,AUGW,34611,20170713,3.45,3815
-3.1958919884778254,-0.22426918460172005,0.9038132103630424,2.0700223197633445,2.4765384001174837,0.5025918188388871,0.41607528722017995,-1.2078115806331018,0.6931471805599453,AUGW,34612,20170713,2.65,3818
-3.19247735101367,-0.22476987305879384,0.9038132103630424,2.1445267883357704,2.4595888418037104,0.5025918188388871,0.4200252594394941,-1.202159567201755,0.6931471805599453,AUGW,34612,20170713,3.05,3819
-3.232467778387668,-0.22627344432313742,0.9038132103630424,2.235697147452414,2.4595888418037104,0.5007752879124892,0.4206820739130247,-1.1949229688060181,0.6931471805599453,AUGW,34612,20170713,3.45,3820
-3.2096683441172877,-0.22953895840307018,0.9042181506398859,2.3243465847755584,1.9416152247724325,0.49286529838899784,0.39339252687389514,-1.1603447322003653,0.6931471805599453,AUGW,34612,20170713,4.25,3822
-3.2730680539516275,-0.2313017390156733,0.9042181506398859,2.3997118037247684,1.9501867058225735,0.49041881398832804,0.3852624007906449,-1.1516798056859516,0.6931471805599453,AUGW,34612,20170713,4.45,3823
-3.1765349843786757,-0.2238938327049139,0.9038132103630424,2.0649622204150018,2.4159137783010487,0.5019866750987863,0.41475515501525706,-1.2031660273559959,0.6931471805599453,AUGW,34613,20170713,2.65,3824
-3.2400994613198275,-0.22426918460172005,0.9038132103630424,2.1353491736181316,2.501435951739211,0.501381164937991,0.4154154389613324,-1.1991389580556195,0.6931471805599453,AUGW,34613,20170713,2.95,3825
-3.3816889152741125,-0.22476987305879384,0.9030028375472197,2.211456159582944,2.667228206581955,0.5019866750987863,0.41871033485818504,-1.1995435641474317,0.6931471805599453,AUGW,34613,20170713,3.25,3826
-3.424363659693995,-0.22527081233038385,0.9034081060431414,2.290310062118433,2.70805020110221,0.5007752879124892,0.41805222361363575,-1.1935225484511076,0.6931471805599453,AUGW,34613,20170713,3.55,3827
-3.6249661283702834,-0.2269006001919221,0.9038132103630424,2.283708037224357,2.72785282839839,0.498348102254878,0.41277168329060243,-1.1823373450300576,0.6931471805599453,AUGW,34613,20170713,3.95,3828
-3.6374261725250205,-0.5126606397117204,0.9038132103630424,1.85081423200937,2.4932054526026954,0.5122246446796981,0.4007875185570534,-1.249532721025413,0.6931471805599453,AUGW,34680,20170721,3.05,3829
-3.6253414333099485,-0.5126606397117204,0.9025974047421527,1.7712165679967256,2.4849066497880004,0.5122246446796981,0.40346310543749137,-1.2457772398746823,0.6931471805599453,AUGW,34680,20170721,4.05,3830
-3.6257168791562964,-0.5124936808666878,0.9025974047421527,1.7556140225917016,2.4849066497880004,0.5140205146625099,0.4054651081081644,-1.255517956163502,0.6931471805599453,AUGW,34680,20170721,5.05,3831
-3.5149261469904984,-0.5116593045145682,0.9025974047421527,1.8146618624453594,2.451005098112319,0.5092243423990168,0.398104753701872,-1.230565257329744,0.6931471805599453,AUGW,34680,20170721,5.85,3832
-3.4966075664668135,-0.5124936808666878,0.9025974047421527,1.7110915661606003,2.4336133554004498,0.5092243423990168,0.4007875185570534,-1.227894480190048,0.6931471805599453,AUGW,34680,20170721,6.55,3833
-3.495288305061751,-0.5124936808666878,0.9021918074946533,1.715777948205427,2.4336133554004498,0.5086232002107907,0.4021262068426498,-1.2270881887550258,0.6931471805599453,AUGW,34680,20170721,6.95,3834
-3.506224619529861,-0.5126606397117204,0.9021918074946533,1.588418545210025,2.4159137783010487,0.5080216964332565,0.4007875185570534,-1.225666508593602,0.6931471805599453,AUGW,34680,20170721,7.95,3835
-3.4949587614766298,-0.5123267498922579,0.9034081060431414,1.8182391020324336,2.3608540011180215,0.5074198306311578,0.395414772254663,-1.2240403673767453,0.6931471805599453,AUGW,34684,20170721,3.1,3836
-3.486755270023802,-0.5119929715179976,0.9030028375472197,1.808780453562358,2.3513752571634776,0.5068176023684519,0.398104753701872,-1.219963429435087,0.6931471805599453,AUGW,34684,20170721,3.55,3837
-3.5072247863076855,-0.5121598467791274,0.9025974047421527,1.844668124883457,2.3702437414678603,0.5068176023684519,0.3987761199573678,-1.2201674902459165,0.6931471805599453,AUGW,34684,20170721,4.05,3838
-3.5401146808488244,-0.5123267498922579,0.9025974047421527,1.7932583453517907,2.3608540011180215,0.5098251234324072,0.4007875185570534,-1.233431511477061,0.6931471805599453,AUGW,34684,20170721,5.05,3839
-3.535986708010794,-0.5121598467791274,0.9021918074946533,1.8200229345009145,2.3608540011180215,0.5080216964332565,0.3974329364109001,-1.223823567558008,0.6931471805599453,AUGW,34684,20170721,6.05,3840
-3.483166944529406,-0.5121598467791274,0.9021918074946533,1.8190503294639586,2.3513752571634776,0.5074198306311578,0.39608794629556743,-1.2211779650952275,0.6931471805599453,AUGW,34684,20170721,6.95,3841
-3.448918117873567,-0.5143317630952784,0.6216511788548754,1.8287340720194165,2.302585092994046,0.5062150112083075,0.4631048875545789,-1.2410178670370853,0.6931471805599453,AUGW,34767,20171010,3.05,3842
-3.5805633106304775,-0.5165084069014889,0.6216511788548754,1.9318112246758117,2.2762411176544437,0.5080216964332565,0.48119081863630003,-1.2403255921943956,0.6931471805599453,AUGW,34767,20171010,3.45,3843
-3.6789291232607684,-0.5151683732001278,0.6216511788548754,1.811071780260428,2.312535423847214,0.5086232002107907,0.47933495667461984,-1.2497009145282858,0.6931471805599453,AUGW,34767,20171010,4.0,3844
-3.635528278616942,-0.5141645250315053,0.6211139776601137,1.7932583453517907,2.295560478057081,0.5086232002107907,0.47374661552457,-1.2486523666708664,0.6931471805599453,AUGW,34767,20171010,4.5,3845
-3.5834389416559396,-0.5139973149316258,0.62057648772511,1.811071780260428,2.280339484046726,0.5074198306311578,0.46875284734408296,-1.244727906976873,0.6931471805599453,AUGW,34767,20171010,5.0,3846
-3.5666618213896872,-0.5141645250315053,0.62057648772511,1.8025345423960133,2.272125885509337,0.5074198306311578,0.46937843385181716,-1.2432657657242183,0.6931471805599453,AUGW,34767,20171010,5.6,3847
-3.545298725636412,-0.5156706754291904,0.62057648772511,1.57194370800652,2.012232791986386,0.5086232002107907,0.4780957991430718,-1.2484427889691667,0.6931471805599453,AUGW,34767,20171010,6.25,3848
-3.1299496156737994,-0.5153357792438769,0.6211139776601137,1.6187940073581253,1.6034198401085373,0.5080216964332565,0.47374661552457,-1.24470287901693,0.6931471805599453,AUGW,34767,20171010,6.9,3849
-3.1722308170451567,-0.5141645250315053,0.6113946786876863,1.9760235824813472,1.9740810260220096,0.5031965966014995,0.45679173527350503,-1.224743251683143,0.6931471805599453,AUGW,34941,20171026,3.45,3850
-3.19150387807235,-0.5148336451635295,0.6108519378331152,1.9797593184066837,1.9685099809725541,0.5031965966014995,0.4593217808988751,-1.2237149739575768,0.6931471805599453,AUGW,34941,20171026,4.0,3851
-3.194427144465891,-0.5148336451635295,0.6108519378331152,1.985542865235778,1.965712776351493,0.5031965966014995,0.4586898693454622,-1.2239205449316795,0.6931471805599453,AUGW,34941,20171026,4.5,3852
-3.1951592982508847,-0.5148336451635295,0.6103089022509408,1.9885590452026627,1.965712776351493,0.5031965966014995,0.45805755822733496,-1.2235094452342143,0.6931471805599453,AUGW,34941,20171026,5.0,3853
-3.205466137958283,-0.5148336451635295,0.6103089022509408,1.9923847091116624,1.9685099809725541,0.5031965966014995,0.45615822242368254,-1.2220719257341761,0.6931471805599453,AUGW,34941,20171026,5.6,3854
-3.2126452751175645,-0.5148336451635295,0.6103089022509408,2.0002630438027498,1.9726911717329552,0.5025918188388871,0.4542552722775964,-1.2210568073831223,0.6931471805599453,AUGW,34941,20171026,6.25,3855
-2.8645285879386466,-0.5121598467791274,0.6103089022509408,1.894316057553147,1.5129270120532565,0.5025918188388871,0.45362014999521155,-1.2165541391127523,0.6931471805599453,AUGW,34941,20171026,6.9,3856
-3.226152233838977,-0.5155032133171018,0.6113946786876863,2.0344441757491003,1.986503546020567,0.4989554511955033,0.44468582126144574,-1.2045801532665612,0.6931471805599453,AUGW,34942,20171026,3.45,3857
-3.233989462678249,-0.5153357792438769,0.6113946786876863,2.0353590291096473,1.9782390361706732,0.49774038421733524,0.44276089285186127,-1.200735900832095,0.6931471805599453,AUGW,34942,20171026,4.0,3858
-3.2465039919856746,-0.5153357792438769,0.6113946786876863,2.0358814269274563,1.9768549529047348,0.49774038421733524,0.4408322519454557,-1.200130146144213,0.6931471805599453,AUGW,34942,20171026,4.5,3859
-3.254243968705992,-0.5155032133171018,0.6113946786876863,2.036403551988267,1.9768549529047348,0.49774038421733524,0.44018854416654996,-1.1997265134444848,0.6931471805599453,AUGW,34942,20171026,5.0,3860
-3.2602187884025833,-0.5155032133171018,0.6113946786876863,2.0340518393810254,1.9740810260220096,0.49774038421733524,0.43954442176102704,-1.1999283094294297,0.6931471805599453,AUGW,34942,20171026,5.6,3861
-3.2670162001961356,-0.5150009951764715,0.6108519378331152,2.030382591390651,1.9726911717329552,0.49774038421733524,0.43889988419440173,-1.1997265134444848,0.6931471805599453,AUGW,34942,20171026,6.25,3862
-3.304706081473394,-0.5155032133171018,0.6108519378331152,2.02273890631004,1.9796212063976248,0.49774038421733524,0.4376095614347315,-1.199121369704384,0.6931471805599453,AUGW,34942,20171026,6.9,3863
-3.169133732973387,-0.5166760374441663,0.6119371251344021,1.9315214116032136,1.62924053973028,0.49591501103023644,0.4356709501652302,-1.19226732253913,0.6931471805599453,AUGW,34944,20171026,3.45,3864
-3.208430567006662,-0.5168436960915538,0.6113946786876863,1.918392120161421,1.6213664832993742,0.49408629976169266,0.42918163472548043,-1.1842379713418396,0.6931471805599453,AUGW,34944,20171026,4.0,3865
-3.2256487091556294,-0.5165084069014889,0.6113946786876863,1.901062204118505,1.6134299337036377,0.49286529838899784,0.42395969074432877,-1.179036865212518,0.6931471805599453,AUGW,34944,20171026,4.5,3866
-3.2565776920522125,-0.5168436960915538,0.6113946786876863,1.8938646921652087,1.6174060820832772,0.49225423818055525,0.4193680132771557,-1.1752530876886855,0.6931471805599453,AUGW,34944,20171026,5.0,3867
-3.2594374366243235,-0.5166760374441663,0.6113946786876863,1.8988185415214627,1.6174060820832772,0.49103099643781106,0.41673470036639515,-1.1716568964440848,0.6931471805599453,AUGW,34944,20171026,5.6,3868
-3.2623053827955366,-0.5168436960915538,0.6113946786876863,1.9013609791431358,1.6154199841116477,0.49103099643781106,0.4154154389613324,-1.170867162938084,0.6931471805599453,AUGW,34944,20171026,6.25,3869
-3.2612615413646386,-0.5168436960915538,0.6113946786876863,1.9016596649279132,1.6193882432872684,0.49103099643781106,0.41475515501525706,-1.170669826972964,0.6931471805599453,AUGW,34944,20171026,6.9,3870
-3.372318422111779,-0.5150009951764715,0.6113946786876863,1.9560019126221038,1.9768549529047348,0.48489224173948625,0.36741704047063445,-1.1492576208739795,0.6931471805599453,AUGW,34945,20171026,3.45,3871
-3.3746528264400433,-0.5153357792438769,0.6113946786876863,1.9704633791100907,1.9796212063976248,0.48489224173948625,0.3660310388627573,-1.1488690449996517,0.6931471805599453,AUGW,34945,20171026,4.0,3872
-3.37494501051809,-0.5153357792438769,0.6119371251344021,1.9760235824813472,1.9754689512968577,0.48489224173948625,0.3653373170173851,-1.1480923459314796,0.6931471805599453,AUGW,34945,20171026,4.5,3873
-3.3926341510016678,-0.5155032133171018,0.6119371251344021,1.980035485213189,1.9796212063976248,0.48427628853245414,0.36464311358790924,-1.1472823121804128,0.6931471805599453,AUGW,34945,20171026,5.0,3874
-3.3994988250265736,-0.5155032133171018,0.6113946786876863,1.9832059337990102,1.9837562915454279,0.48427628853245414,0.3625576070968879,-1.1465063664576778,0.6931471805599453,AUGW,34945,20171026,6.0,3875
-3.4231362891809094,-0.515838165589535,0.6113946786876863,1.985268215412574,1.986503546020567,0.48427628853245414,0.36046774217742855,-1.1455372802300776,0.6931471805599453,AUGW,34945,20171026,6.9,3876
-3.3956130033682546,-0.5156706754291904,0.6113946786876863,1.9591083822199498,1.9768549529047348,0.48489224173948625,0.3667242797917339,-1.1473162496565912,0.6931471805599453,AUGW,34946,20171026,3.45,3877
-3.387294476493164,-0.5155032133171018,0.6113946786876863,1.9751915203060368,1.9823798288367047,0.48427628853245414,0.3653373170173851,-1.146312474067347,0.6931471805599453,AUGW,34946,20171026,4.1,3878
-3.5852404193544505,-0.5151683732001278,0.6119371251344021,2.0554049638515948,2.2565411544926386,0.4873522675803485,0.3583735005743139,-1.1591294224041013,0.6931471805599453,AUGW,34946,20171026,5.0,3879
-3.622342930313692,-0.5143317630952784,0.6113946786876863,2.030776369698555,2.248128907197987,0.48673782823690076,0.3590720685384538,-1.154997293289067,0.6931471805599453,AUGW,34946,20171026,6.0,3880
-3.611177946450084,-0.5151683732001278,0.6113946786876863,2.0439438893266786,2.258633205464863,0.4879663296199081,0.3583735005743139,-1.159743484443661,0.6931471805599453,AUGW,34946,20171026,6.9,3881
-3.137987321134862,-0.22752814963203385,0.6790482561804436,2.066229647707605,1.9796212063976248,0.49286529838899784,0.40746311077083736,-1.1820204576794058,0.6931471805599453,AUGW,34957,20171026,3.45,3882
-1.7814131771739108,-0.12760612460514603,0.21268909341035092,0.9962103550500284,1.3640487521725708,1.0821440959608024,0.44742905747476625,-1.1838446507871416,0.6901426715396466,JET,44100,19980120,68.4,8422
-1.7933607505950289,-0.129197938471682,0.211880359035499,1.049772123248636,1.4211787629733923,1.082482906738226,0.4498102919385712,-1.1847371407769824,0.6901426715396466,JET,44100,19980120,71.62,8423
-1.8682086413914611,-0.1309062698477989,0.20945022418220732,1.0094167098636386,1.3994573476461716,1.0818051703517284,0.4447862597515688,-1.182620475590545,0.6896410412306577,JET,44101,19980120,71.62,8425
-1.6873994539038122,-0.1345604933956948,0.21672298351128702,1.1391142319774397,1.3535128715955111,1.0790896221792459,0.43829241753478826,-1.1708760178099542,0.6896410412306577,JET,44103,19980120,67.87,8427
-1.7076021612213317,0.5104255437446509,1.1151415906193203,1.3782621894226263,2.6026896854443837,1.0664333903038745,0.44332503870783796,-1.1754673113280096,0.6916460544336782,JET,44146,19980121,69.87,8465
-1.758518135448253,0.6032224730319582,1.000631880307906,1.8330613485851608,2.8166056076565553,1.0872142437157404,0.5237750084128396,-1.2430496752738682,0.6876319998718352,JET,49152,19991027,61.3809661865234,8918
-1.6771815645206198,0.6032224730319582,1.002101388287266,1.9421889482534593,2.7053799725463312,1.0862022685914283,0.5224738747619196,-1.2385379298951262,0.6886370250820593,JET,49153,19991027,61.3809661865234,8919
-1.8232501363194258,0.6032224730319582,1.0009994598011094,1.778843077294828,2.8713021951758138,1.0872142437157404,0.5248037885180211,-1.245155431784317,0.6886370250820593,JET,49154,19991027,61.6257629394531,8920
-1.6584485046312727,0.4061775668549402,0.9969138970439955,1.4513179771119065,2.1356887063922136,1.0502801647238378,0.41209681313412555,-1.1538159539283195,0.6930971793312697,JET,52298,20001025,65.3797607421875,9074
-1.7034314142604894,0.4050371346639665,0.9963656581399679,1.5281234396498184,2.1387924450183053,1.0506177444936056,0.41160015856321913,-1.153569321628886,0.6930971793312697,JET,52300,20001025,64.8829345703125,9075
-1.8844457632502234,0.4102208814857045,0.9761762807539488,1.638054124868884,2.5647448713520693,1.096046158190205,0.4485182313756396,-1.2069777188974866,0.6878381457724999,JET,53003,20010110,63.8893737792969,9146
-1.7221369083773352,0.4107313936505556,0.9762402412101474,1.5932669777728834,2.4906380272848283,1.095409814124672,0.4485182313756396,-1.2063413748319536,0.6922769148904948,JET,53004,20010110,63.392578125,9147
-1.7444204381543194,0.411014688190873,0.9761574990407617,1.5204388713859922,2.565125185970506,1.0950557601229545,0.4485182313756396,-1.205987320830236,0.6908616933765649,JET,53005,20010110,63.8893737792969,9148
-1.767102129613024,0.027042494212151817,0.01889474569988495,1.070843291037541,1.248517400879675,1.0666673397888435,0.4459751056387912,-1.1293155588299555,1.3325860797456648,JET,54102,20010316,67.86376953125,9195
-1.9560010212384846,0.034369950362391925,0.01379390668867573,1.2391045064963297,1.644814578210882,1.0702292920376602,0.4535866017368205,-1.144589652934775,1.3505978897474276,JET,54103,20010316,67.86376953125,9196
-1.5354661501121365,0.5764765830512747,0.6181249423183645,1.729084174313575,2.1044419233797127,1.0496741032901746,0.43925887230331556,-1.1168696546261736,1.3572120620867938,JET,54128,20010319,65.628173828125,9197
-1.7041753964572117,0.5788646713669067,0.6160965323536842,1.7501693129766809,2.299579002893805,1.0523765184040865,0.4523768289047109,-1.1301064211701728,1.3404678831809493,JET,54130,20010319,64.8829956054688,9198
-2.0559461430982564,0.4199953880590452,0.4268842085471826,1.7375119166107167,2.337924609975491,1.0622985197579349,0.44684557830463767,-1.2044291404821394,1.3484367003811217,JET,54142,20010320,68.4019775390625,9200
-2.0859829124665445,0.4260731847091554,0.43394037942931024,1.8300275460954811,2.4461949644188086,1.056344538921699,0.44018290615218897,-1.1890190817755968,1.3506852888280672,JET,54145,20010320,65.13134765625,9201
-1.4477636915071865,0.4222386459284093,0.408518092054876,1.482490545234717,1.7113094104571462,1.079362334547706,0.43810637353361925,-1.1805522405552322,1.3476431093758965,JET,54146,20010320,64.6345825195313,9202
-1.5547309747287823,0.42148999239085905,0.4101200828975718,1.5993800242221405,1.9148560668375503,1.0801171329794825,0.43893205632906523,-1.1833901166942056,1.3551637134298329,JET,54146,20010320,66.3871459960938,9203
-1.7620158898248248,0.42075893598183767,0.40729361537590736,1.6492102840272644,2.1915617304536252,1.081444584128784,0.44546161892076613,-1.1905429567677799,1.3545094766844998,JET,54146,20010320,68.38818359375,9204
-2.0652424523013004,0.429047679215873,0.8289005295869477,1.512317852987411,2.366892541820729,1.0531433053847128,0.42892785905247066,-1.184205824359312,1.352253618598206,JET,54148,20010320,68.1259765625,9206
-2.076651281264161,0.4309838350853485,0.8299980227115158,1.498650916172127,2.3590159853232597,1.0531027176881693,0.4272222895954758,-1.1812768473990722,1.3495291899111923,JET,54149,20010320,65.8765869140625,9207
-1.7209080823339173,0.6293779150644204,0.6789325513058887,1.6436792196187642,2.4408667751622217,1.072482044084238,0.4564854417756906,-1.1605417984101287,1.3479880124958445,JET,54157,20010321,60.6325988769531,9208
-1.7382810427366455,0.62781336034573,0.6796670659636929,1.7423324293226854,2.4710535133965728,1.0726778094196499,0.4568675042863048,-1.1615815050010603,1.352950619624007,JET,54158,20010321,61.3777770996094,9209
-1.556779598843122,0.6743526032838948,0.6576740111133738,1.9364750837280518,2.5144883351798675,1.0969693483905736,0.42754455086370763,-1.2189605520170241,1.3131503318970765,JET,54159,20010321,63.3787841796875,9210
-1.3547953848957845,0.9097185844027251,0.907056227416651,1.9519241549053226,2.5184030121007766,1.0634371328289791,0.4205709718884096,-1.1342867256815266,1.349387834499326,JET,54176,20010322,63.8755798339844,9211
-2.0376103813856457,0.3945240484555577,0.424621082082197,1.8496085285778094,2.357002228746553,1.0665170081234285,0.43276640479219,-1.2057759184710792,1.340788398584955,JET,54197,20010323,62.3713989257813,9215
-1.0548710908655619,0.670214526321885,0.6600307571877353,1.832193815380202,1.8753382054848755,1.0964897016765278,0.42116583078015696,-1.219261253082344,1.3397105356051566,JET,54218,20010326,61.6123962402344,9218
-1.6050465880762896,0.6970125716996016,1.16881240840542,1.7032002085384388,2.823312141608519,1.0659167691919282,0.412520155193021,-1.1246838100914636,0.6972287772251415,JET,59064,20030327,57.6380004882813,9443
-2.033534860710459,0.6723638479200708,0.9146034256212053,2.1309339434414634,2.805054501233148,1.0558403555156344,0.4413464860077934,-1.133633652059925,0.6949152018388522,JET,59630,20030506,62.3989868164063,9502
-2.038816802610424,0.6724680286337829,0.9217832455344448,1.793866774886888,2.8203360065512837,1.0487061799510797,0.44055590883335766,-1.117539085366708,0.679440103738399,JET,59637,20030507,63.392578125,9505
-2.040512463588664,0.6726237926321702,0.9163869565277986,1.8526288001096687,2.7588538943548944,1.0545548649133938,0.4358717881859894,-1.129469090158733,0.6782060476170922,JET,59648,20030507,62.1367797851563,9510
-1.9829654833379566,0.4123068335496447,0.8180633299899739,1.5630323311693144,2.511274769107484,1.0626169084895323,0.4769927612872069,-1.211314986476688,0.6850309466291674,JET,59701,20030509,68.153564453125,9513
-1.8203427672745336,0.13609361045955504,1.0624133455903029,1.1965076850056042,2.038054244598661,1.0898055411924494,0.27793091369714334,-1.2383902021997444,0.7103281938186631,JET,60852,20030905,63.1441955566406,9557
-1.9314506763429098,0.3236082979068795,0.854288653388375,1.1998290991897027,2.5581855822803363,1.065498884784765,0.4276928871515773,-1.0962547781472487,0.7003562120323659,JET,61520,20031029,60.8671875,9634
-1.628762919082858,-0.4032026927993433,-0.04540710366991142,0.8117021824423759,0.36124607543946735,1.0750051310697835,0.4416001686407524,-1.1894218256468123,0.6920261182083131,JET,62662,20040124,68.153564453125,9680
-0.5976495161945165,1.4538101086675879,1.2364329177140159,1.1778248084566267,2.0879769032039497,1.0575078342073776,0.44390556666437897,-1.0854907732516668,0.691302319002086,JET,62723,20040128,54.6157836914063,9700
-2.3376343888587416,0.039927429477173315,-0.0020970399350287473,1.1343438341608483,1.974864841205616,1.063349542559084,0.45775907981390335,-1.122335575202292,1.3395483512612818,JET,63084,20040217,61.1156005859375,9702
-2.383729661205664,0.035182342237836325,0.0049234456918911835,1.2894809195678174,2.01578160817563,1.062485741974112,0.44925067417050424,-1.1222682366276058,1.3584641000387618,JET,63084,20040217,64.3861694335938,9703
-2.318988164098599,0.04220561938927017,-0.0004182794574937227,1.188076208134298,1.984040439977096,1.062736854764289,0.46031218914093824,-1.1314354247963632,1.3260960984732193,JET,63085,20040217,61.1156005859375,9704
-2.3686941060333915,0.035416174014433414,0.005839919085618853,1.3369579977391066,2.024703421462951,1.062071037155252,0.44959835882441646,-1.122617192535412,1.3569599095377742,JET,63085,20040217,64.3861694335938,9705
-2.298208563426831,-0.364981381853739,-0.04484192049848416,0.672700205472779,1.3378508095084236,1.073860069656536,0.429037616512914,-1.173935748269096,0.058739316918822754,JET,63227,20040225,65.3797607421875,9736
-1.8829555334441634,-0.3863585967537616,-0.044926750268662906,0.80014533922834,0.615525188918676,1.0712164757287495,0.4169588219879827,-1.16652603564496,0.04884040052839367,JET,63228,20040225,64.6345825195313,9737
-1.9545222423181354,-0.3832422097420617,-0.04236022267505133,0.785220384841972,0.7569020291809132,1.0727110857156739,0.4216807674045806,-1.1757387761265732,0.046627735998172146,JET,63228,20040225,66.6217651367188,9738
-1.8725054959650484,-0.3970664188088505,-0.03950691542054127,0.7391789691767533,0.5030695834575942,1.069626042059275,0.4119374383698276,-1.1632271252639745,0.0428424000230295,JET,63229,20040225,66.6217651367188,9739
-2.383703459420104,-0.3584629096309991,-0.04050914391445554,0.8682590995267848,1.6352592711984832,1.0751359675741377,0.42946413316450094,-1.178808739131646,0.04037185266074759,JET,63236,20040225,66.6217651367188,9747
-1.67950744167513,0.25244982387864434,0.9057435439555607,1.0571122990103914,2.0286452247167026,1.0613602627479415,0.42392715881464776,-1.131134393327961,0.6902972725672286,JETILW,82900,20120410,59.5,9817
-1.2892454425256055,1.2471250794500508,1.1265495417278846,2.2332167538189944,3.1991523415412546,1.0659092710565485,0.4424806034524278,-1.1436737465428748,0.6457495016994305,JETILW,83480,20120706,51.75,9884
-1.4980373442776589,1.2440100430045775,1.1908174268799858,1.979612282570515,3.3226201102336166,1.0658585941419285,0.43153026379357884,-1.1181522186149342,0.6625312413398518,JETILW,87030,20140731,50.0,10076
-1.4689010038011385,1.244535053113909,1.190451864201836,1.9460518515493264,3.2892333299070997,1.0661570977289576,0.4325305233354572,-1.1188824639125348,0.6637364662913858,JETILW,87031,20140731,50.0,10077
-1.4586836534711543,1.2722303741936987,1.2206659405146014,2.0566074890583383,3.308809793023324,1.060169190904264,0.44724287943701235,-1.125723610951634,0.6735337113626443,JETILW,87384,20140822,49.8,10126
-1.345786190876043,1.3779392992750192,1.3306050542574595,2.0861371324846014,3.306880925877528,1.0584077417517328,0.4429821831887268,-1.121208228905247,0.6737890777034353,JETILW,87387,20140822,51.15,10129
-1.3626351814398476,1.3786872782707478,1.3315389521185834,2.1260331190167996,3.388715692034485,1.0578617465256281,0.4419887661168189,-1.1200531707356973,0.674975474326998,JETILW,87393,20140822,51.2,10132
-1.5358108602056155,1.1063441471473399,1.0539849659261271,1.7885619874071554,3.1213257980732103,1.0672536933330368,0.42780627949464883,-1.1375053408848295,0.6709914002415126,JETILW,87397,20140822,49.0,10134
-1.5996011056037482,0.5178792860354973,0.8545501279978203,1.5474502543646653,2.234654588207132,1.064989142654665,0.4052960999870964,-1.132204709573491,0.6878548395862191,JETILW,87417,20140828,53.0,10138
-1.6163017946296467,0.5162787612226523,0.8535585751160577,1.5388939871348561,2.2376984901534667,1.0658883505230092,0.4090575797410181,-1.1367819701488018,0.6885905317410898,JETILW,87418,20140828,58.5,10139
-1.6785945605102768,0.6783555171796024,1.000864203818709,1.664763403066932,2.542369051916512,1.0655675958598567,0.4091359169844313,-1.1355072918343934,0.6887996858852227,JETILW,87419,20140828,59.0,10140
-1.6581276280971524,0.6805505897894503,1.0008854015106017,1.6812272612586106,2.538177323790823,1.0655209022922898,0.40869361233528356,-1.134702501403965,0.6888330133286491,JETILW,87420,20140828,55.5,10141
-1.7444156460485247,0.6778550479830906,1.0021895943419314,1.7937336578064431,2.5557268493691137,1.0641654464761603,0.40508052559245467,-1.130902774510542,0.6894191763946848,JETILW,87421,20140828,57.5,10142
-1.771741884436893,0.6765433571116602,1.0037318663784607,1.8071005591840856,2.5575717423855377,1.0625474312951546,0.39895279224251795,-1.1240906346244977,0.6899410450860141,JETILW,87422,20140828,53.5,10143
-1.5215975581111458,0.5160561269892933,0.8555463903278494,1.605911455029862,2.086657917169404,1.0642093549490417,0.40398405955032984,-1.1297779079713635,0.6893405058837668,JETILW,87425,20140828,53.0,10146
-1.855487676691246,0.6853029630580635,1.2213569632572037,1.5154165697382995,2.9052630592697155,1.0656702703895335,0.42218869798425374,-1.126566223992546,0.6894472302427943,JETILW,89191,20151126,50.65,10192
-1.8184827505012182,0.6842656493729221,1.2214899094726586,1.5377386894472573,3.037592822321239,1.0658987831859876,0.421605646808931,-1.1267639900651878,0.6892780476043097,JETILW,89192,20151126,51.75,10193
-1.8005930505065162,0.6827710153469946,1.2219295533601156,1.547513142154951,3.025029296306119,1.065326491879919,0.41798352603347133,-1.1234001037500896,0.6807842157514427,JETILW,89193,20151126,51.75,10194
-2.004246027725566,0.6818392641621941,1.2217330824432033,1.4643440204151752,2.9301356197995054,1.0654562883413192,0.4211853330546645,-1.1254678237363347,0.6697959932320231,JETILW,89200,20151126,51.75,10195
-2.0288845293025726,0.682387726897385,1.2211389221068976,1.4793354432454362,3.025994036854679,1.0661033639303352,0.4226972922322736,-1.127194299909884,0.6702857970061141,JETILW,89201,20151126,51.75,10196
-2.012337067651944,0.6824064455671083,1.2214994737791451,1.523861169831533,2.9948864261158867,1.065867572445023,0.4232283618767713,-1.1269109007796116,0.6697474792067645,JETILW,89202,20151126,51.75,10197
-2.1363027954973743,0.6829886458127505,1.2206307395717264,1.4415663855422363,3.1072115690970556,1.066550052393597,0.4255940099291919,-1.1294616154106474,0.6695757209341444,JETILW,89203,20151126,52.0,10198
-1.9179710900481295,0.6816990107269352,1.221656699145739,1.5363910287588312,2.9834069318511576,1.0656909843653635,0.421320723091457,-1.1255948087621845,0.6697045010280532,JETILW,89204,20151126,52.0,10199
-1.8600193253885386,0.6831585711952645,1.2215917166187558,1.551688565346311,3.0104361327947182,1.0655811759746148,0.4208759060193426,-1.1253081574755663,0.6699178262117464,JETILW,89205,20151126,52.0,10200
-1.5937816431076166,0.5116367751057729,0.8625019618578414,1.617959904336291,2.07286832151307,1.0617443682401804,0.3994491363773099,-1.126758615302454,0.6919339217039815,JETILW,90143,20160315,56.0,10249
-1.5756363542734373,0.5153953965671167,0.8600838125881285,1.5417595392762553,2.149886397882601,1.0643715408132874,0.40895201748089427,-1.1362603360641026,0.6914617550830433,JETILW,90146,20160315,53.5,10250
-1.6650910402510304,0.5131320951466976,0.8622728682522149,1.6357014712303708,2.2058331851866813,1.0619979826510484,0.4002855037073292,-1.1270757930594748,0.6920281065851738,JETILW,90148,20160315,55.5,10251
-1.7366004790918312,0.5135106159482146,0.8620110683429535,1.6269837939076355,2.3302859682800316,1.062078400930403,0.4003753607850892,-1.127389993705798,0.6916163157791703,JETILW,90149,20160315,56.0,10252
-2.311397920977378,0.41395793484941323,0.7640137279533747,1.2700543744923474,2.864165956879547,1.0722043561087504,0.42054936206057786,-1.1609187047285094,0.6887921131155597,JETILW,90345,20160330,49.0,10280
-2.045572732766593,0.3887663078438151,1.113790214022786,1.3478155718595999,2.538142632533133,1.0673807605394772,0.41420334046864377,-1.1340362760652278,0.6874131771184085,JETILW,90396,20160401,50.3,10292
-1.6170176264100327,0.5105435142528437,0.8644916360453566,1.582317280054977,2.1343585801719622,1.059309908261749,0.3864044483379898,-1.1117645024843723,0.6913684405745245,JETILW,90436,20160405,55.0,10301
-1.7238721911947736,0.5119872100233801,0.8658370388343077,1.593442090631414,2.3144101782183037,1.058786939581758,0.38309646530755537,-1.1052657375192545,0.6910579503876695,JETILW,90570,20160413,54.5,10315
-1.6878718395738697,0.513865715528632,0.8621776379101879,1.5981704400653238,2.267782248797291,1.0624845459496912,0.4025543269721008,-1.1261515880437258,0.6905095188818482,JETILW,90572,20160413,56.0,10316
-1.6495400090440906,0.5131733899548684,0.8619441364825635,1.7191173418633396,2.2752155472058004,1.0623364370338007,0.41181066151146534,-1.1297549006932275,0.6919330934093124,JETILW,90573,20160413,55.0,10317
-1.7562304873443897,0.5112982805481727,0.8580011030168664,1.595439068930722,2.2701780278337607,1.066455965453529,0.3983724707100242,-1.1368948798403125,0.6916556936561241,JETILW,90574,20160413,54.5,10318
-1.4908440288038052,0.5117227286870127,0.8579616033591279,1.533213204726922,2.018184139858168,1.0665587640621566,0.40713056462521324,-1.1393735052614684,0.6910174481640419,JETILW,90575,20160413,56.0,10319
-1.6500203431364335,0.5137085240068594,0.8670347981519237,1.6755384526874932,2.272318064217084,1.0574897836900818,0.4187195772102112,-1.1311012001189291,0.6913197268831671,JETILW,90576,20160413,56.0,10320
-1.7614951910039003,0.5116134125529032,0.8573756958383305,1.5356392588887524,2.265927585488409,1.0671376984272096,0.401817359160803,-1.1392097309793443,0.6916335238544197,JETILW,90577,20160413,56.0,10321
-1.7194870319646909,0.511746124742943,0.8593975564657363,1.5974629489998358,2.2699691852425516,1.0651161591701637,0.39967983453799905,-1.1328516063978873,0.6916344368999956,JETILW,90578,20160413,55.5,10322
-1.6004210561079901,0.5138502042932972,0.8637135045152058,1.623438754355455,2.259249283502475,1.059995010345537,0.42694267417888954,-1.140711115503691,0.6912604742934886,JETILW,90580,20160413,59.0,10323
-1.7045077590492599,0.5122848801812617,0.8588945514532671,1.620201524100597,2.265427296199532,1.0650826286149244,0.3991875037033087,-1.132556820061123,0.6919002165483762,JETILW,90581,20160413,53.0,10324
-2.090867815888368,0.31879942893633956,0.5914433724957227,1.3087643066840957,2.2819726247941645,1.064090524852359,0.4042770870572002,-1.131692442440081,0.5614162472895831,JETILW,91245,20160728,56.0,10365
-1.8349221136958846,0.6046475187582387,1.01858302945442,1.4231392172163253,2.6352429926079948,1.0672599502097868,0.4091418586226827,-1.1409093792713862,0.6559458936773749,JETILW,91902,20161005,51.45,10515
-1.7454807615154861,0.6027872336682147,1.0193379480708045,1.416101448349273,2.4720415251713437,1.0665297737001538,0.40716625212850543,-1.1386673757076309,0.6515998833421031,JETILW,91904,20161005,51.5,10516
-1.7985278288259972,0.517427869781557,0.8595961046215198,1.576909145177873,2.456640978659908,1.0624649412350649,0.40782668572068553,-1.1274773883153968,0.6908973002914013,JETILW,92347,20161103,55.5,10597
